{"initial_reset_timestamp": 1611964720.2254703, "timestamps": [1611964721.2733986], "episode_lengths": [18], "episode_rewards": [18.0], "episode_types": ["t"]}