{"initial_reset_timestamp": 1605369903.1358254, "timestamps": [1605369909.9233074], "episode_lengths": [200], "episode_rewards": [200.0], "episode_types": ["t"]}