{"initial_reset_timestamp": 1611964767.3739042, "timestamps": [1611964767.9383414], "episode_lengths": [13], "episode_rewards": [13.0], "episode_types": ["t"]}