{"initial_reset_timestamp": 1611963746.5552182, "timestamps": [1611963749.1355777], "episode_lengths": [49], "episode_rewards": [49.0], "episode_types": ["t"]}