{"initial_reset_timestamp": 1611963758.92357, "timestamps": [1611963759.5020127], "episode_lengths": [13], "episode_rewards": [13.0], "episode_types": ["t"]}