{"initial_reset_timestamp": 1611964764.7425966, "timestamps": [1611964765.8055093], "episode_lengths": [28], "episode_rewards": [28.0], "episode_types": ["t"]}