{"initial_reset_timestamp": 1605369922.70158, "timestamps": [1605369929.5047302], "episode_lengths": [200], "episode_rewards": [200.0], "episode_types": ["t"]}